sample_id,run_id,state,recording_type,classification_group,F1_mean_response,F2_temporal_change
1,1,Water,Transition,Transition Water,38.438,0.369999999999997
2,1,Water,Transition,Transition Water,38.993,0
3,1,Water,Transition,Transition Water,39.521,0.370000000000005
4,1,Water,Transition,Transition Water,40.002,0.369999999999997
5,1,Water,Transition,Transition Water,40.52,0
6,2,Oil,Transition,Transition Oil,3.35,0
7,2,Oil,Transition,Transition Oil,3.387,0
8,2,Oil,Transition,Transition Oil,3.72,0
15,2,Oil,Transition,Transition Oil,3.424,-0.37
17,2,Oil,Transition,Transition Oil,3.16,-0.38
18,2,Oil,Transition,Transition Oil,2.97,0
19,2,Oil,Transition,Transition Oil,2.748,-0.37
20,2,Oil,Transition,Transition Oil,2.6,0
23,2,Oil,Transition,Transition Oil,2.563,0
24,2,Oil,Transition,Transition Oil,2.378,-0.37
25,2,Oil,Transition,Transition Oil,2.267,-0.37
26,2,Oil,Transition,Transition Oil,2.23,0
39,2,Oil,Transition,Transition Oil,2.193,0
40,2,Oil,Transition,Transition Oil,2.193,0
42,2,Oil,Transition,Transition Oil,2.156,0
43,2,Oil,Transition,Transition Oil,1.971,0
44,2,Oil,Transition,Transition Oil,2.008,0
45,2,Oil,Transition,Transition Oil,2.156,-0.37
46,2,Oil,Transition,Transition Oil,2.156,-0.37
47,2,Oil,Transition,Transition Oil,2.119,0.37
48,3,Water,Transition,Transition Water,3.794,1.11
49,3,Water,Transition,Transition Water,5.912,1.49
50,3,Water,Transition,Transition Water,7.88,1.12
51,3,Water,Transition,Transition Water,9.778,1.12
52,3,Water,Transition,Transition Water,11.748,1.12
53,3,Water,Transition,Transition Water,13.567,1.12
54,3,Water,Transition,Transition Water,15.352,1.12
55,3,Water,Transition,Transition Water,16.656,0.740000000000002
56,3,Water,Transition,Transition Water,17.768,0.75
57,3,Water,Transition,Transition Water,18.886,0.739999999999998
58,3,Water,Transition,Transition Water,20.11,0.75
59,3,Water,Transition,Transition Water,21.042,0.370000000000001
60,3,Water,Transition,Transition Water,21.782,0.370000000000001
61,3,Water,Transition,Transition Water,22.414,0.379999999999999
62,3,Water,Transition,Transition Water,23.124,0.370000000000001
63,3,Water,Transition,Transition Water,23.716,0.739999999999998
64,3,Water,Transition,Transition Water,24.388,0.379999999999999
65,3,Water,Transition,Transition Water,24.984,0.370000000000001
66,3,Water,Transition,Transition Water,25.613,0.370000000000001
67,3,Water,Transition,Transition Water,26.28,0.370000000000001
68,3,Water,Transition,Transition Water,27.103,0.740000000000002
69,3,Water,Transition,Transition Water,28.065,0.370000000000001
70,3,Water,Transition,Transition Water,28.885,0.75
71,3,Water,Transition,Transition Water,29.851,0.370000000000001
72,3,Water,Transition,Transition Water,30.708,0.379999999999999
73,3,Water,Transition,Transition Water,31.489,0.739999999999998
74,3,Water,Transition,Transition Water,32.377,0.740000000000002
75,3,Water,Transition,Transition Water,33.275,0.369999999999997
76,3,Water,Transition,Transition Water,34.348,0.740000000000002
77,3,Water,Transition,Transition Water,35.468,0.369999999999997
78,3,Water,Transition,Transition Water,36.393,0.739999999999995
79,3,Water,Transition,Transition Water,37.209,0.75
80,3,Water,Transition,Transition Water,37.994,0.369999999999997
81,3,Water,Transition,Transition Water,38.771,0.370000000000005
82,3,Water,Transition,Transition Water,39.484,0.370000000000005
83,3,Water,Transition,Transition Water,40.298,0.370000000000005
84,3,Water,Transition,Transition Water,40.89,0
85,3,Water,Transition,Transition Water,41.488,0.380000000000003
86,3,Water,Transition,Transition Water,42.084,0.370000000000005
87,3,Water,Transition,Transition Water,42.565,0.369999999999997
88,3,Water,Transition,Transition Water,43.12,0
89,3,Water,Transition,Transition Water,43.566,0.379999999999995
90,3,Water,Transition,Transition Water,44.055,0.370000000000005
92,4,Oil,Transition,Transition Oil,3.572,0.37
93,4,Oil,Transition,Transition Oil,3.387,-0.37
99,4,Oil,Transition,Transition Oil,3.274,0
100,4,Oil,Transition,Transition Oil,3.008,0
103,4,Oil,Transition,Transition Oil,2.933,0
104,4,Oil,Transition,Transition Oil,2.859,0
105,4,Oil,Transition,Transition Oil,2.637,0
106,4,Oil,Transition,Transition Oil,2.637,0
115,4,Oil,Transition,Transition Oil,2.526,0
116,4,Oil,Transition,Transition Oil,2.341,-0.37
117,4,Oil,Transition,Transition Oil,2.267,0
120,4,Oil,Transition,Transition Oil,2.267,0
139,5,Water,Transition,Transition Water,3.272,0.75
140,5,Water,Transition,Transition Water,5.091,1.12
141,5,Water,Transition,Transition Water,6.949,1.11
142,5,Water,Transition,Transition Water,8.402,0.74
143,5,Water,Transition,Transition Water,9.892,0.74
144,5,Water,Transition,Transition Water,11.113,0.74
145,5,Water,Transition,Transition Water,12.529,0.74
146,5,Water,Transition,Transition Water,13.829,0.75
147,5,Water,Transition,Transition Water,15.092,0.74
148,5,Water,Transition,Transition Water,16.249,0.74
149,5,Water,Transition,Transition Water,17.137,0.369999999999997
150,5,Water,Transition,Transition Water,18.738,0.370000000000001
151,5,Water,Transition,Transition Water,19.515,0.370000000000001
152,5,Water,Transition,Transition Water,20.108,0.379999999999999
153,5,Water,Transition,Transition Water,21.005,0.370000000000001
154,5,Water,Transition,Transition Water,21.634,0.370000000000001
156,5,Water,Transition,Transition Water,23.161,0.370000000000001
157,5,Water,Transition,Transition Water,24.538,0.75
158,5,Water,Transition,Transition Water,25.465,0.369999999999997
159,5,Water,Transition,Transition Water,26.467,0.379999999999999
160,5,Water,Transition,Transition Water,27.621,0.739999999999998
161,5,Water,Transition,Transition Water,28.697,0.379999999999999
162,5,Water,Transition,Transition Water,29.666,0.739999999999998
164,5,Water,Transition,Transition Water,31.785,0.369999999999997
165,5,Water,Transition,Transition Water,32.562,0.369999999999997
166,5,Water,Transition,Transition Water,33.349,0.369999999999997
167,5,Water,Transition,Transition Water,34.126,0.740000000000002
168,5,Water,Transition,Transition Water,34.94,0
169,5,Water,Transition,Transition Water,35.542,0.369999999999997
170,5,Water,Transition,Transition Water,36.282,0.369999999999997
171,5,Water,Transition,Transition Water,36.763,0.369999999999997
172,5,Water,Transition,Transition Water,37.246,0.379999999999995
173,5,Water,Transition,Transition Water,37.772,0.370000000000005
174,5,Water,Transition,Transition Water,38.142,0.369999999999997
175,5,Water,Transition,Transition Water,38.549,0.369999999999997
176,5,Water,Transition,Transition Water,39.069,0.379999999999995
178,5,Water,Transition,Transition Water,40.002,0.369999999999997
180,5,Water,Transition,Transition Water,40.927,0.369999999999997
182,6,Oil,Transition,Transition Oil,27.252,-34.58
183,6,Oil,Transition,Transition Oil,3.868,-0.37
185,6,Oil,Transition,Transition Oil,3.757,0
186,6,Oil,Transition,Transition Oil,4.09,0
189,6,Oil,Transition,Transition Oil,4.201,-0.37
192,6,Oil,Transition,Transition Oil,4.053,-0.37
194,6,Oil,Transition,Transition Oil,3.498,-0.37
196,6,Oil,Transition,Transition Oil,3.046,-0.38
198,6,Oil,Transition,Transition Oil,2.711,-0.37
204,6,Oil,Transition,Transition Oil,2.304,-0.37
231,7,Water,Transition,Transition Water,3.459,0.75
232,7,Water,Transition,Transition Water,5.242,1.49
233,7,Water,Transition,Transition Water,7.547,1.12
234,7,Water,Transition,Transition Water,9.517,1.12
235,7,Water,Transition,Transition Water,11.224,0.74
236,7,Water,Transition,Transition Water,12.862,1.11
237,7,Water,Transition,Transition Water,14.611,1.11
238,7,Water,Transition,Transition Water,16.36,1.11
240,7,Water,Transition,Transition Water,19.145,0.739999999999998
241,7,Water,Transition,Transition Water,20.26,0.379999999999999
242,7,Water,Transition,Transition Water,21.301,0.369999999999997
243,7,Water,Transition,Transition Water,22.152,0.370000000000001
244,7,Water,Transition,Transition Water,22.902,0.370000000000001
245,7,Water,Transition,Transition Water,23.642,0.369999999999997
246,7,Water,Transition,Transition Water,24.35,0.379999999999999
247,7,Water,Transition,Transition Water,24.91,0.740000000000002
248,7,Water,Transition,Transition Water,25.539,0.369999999999997
249,7,Water,Transition,Transition Water,26.094,0.370000000000001
250,7,Water,Transition,Transition Water,26.618,0.379999999999999
251,7,Water,Transition,Transition Water,27.177,0.370000000000001
252,7,Water,Transition,Transition Water,27.621,0.369999999999997
253,7,Water,Transition,Transition Water,28.139,0.370000000000001
254,7,Water,Transition,Transition Water,28.772,0.379999999999999
255,7,Water,Transition,Transition Water,29.222,0.370000000000001
256,7,Water,Transition,Transition Water,29.962,0.370000000000001
257,7,Water,Transition,Transition Water,30.48,0
258,7,Water,Transition,Transition Water,31.045,0.370000000000001
259,7,Water,Transition,Transition Water,31.711,0.369999999999997
260,7,Water,Transition,Transition Water,32.303,0.370000000000005
261,7,Water,Transition,Transition Water,32.9,0.380000000000003
262,7,Water,Transition,Transition Water,33.571,0.369999999999997
263,7,Water,Transition,Transition Water,34.163,0.740000000000002
264,7,Water,Transition,Transition Water,34.866,0.369999999999997
266,7,Water,Transition,Transition Water,36.245,0.369999999999997
267,7,Water,Transition,Transition Water,36.874,0.370000000000005
268,7,Water,Transition,Transition Water,37.474,0.379999999999995
269,7,Water,Transition,Transition Water,38.068,0.369999999999997
271,7,Water,Transition,Transition Water,39.372,0.379999999999995
274,7,Water,Transition,Transition Water,40.964,0.369999999999997
275,7,Water,Transition,Transition Water,41.336,0.380000000000003
276,7,Water,Transition,Transition Water,41.862,0.369999999999997
278,8,Oil,Transition,Transition Oil,3.646,-0.37
279,8,Oil,Transition,Transition Oil,3.683,0
283,8,Oil,Transition,Transition Oil,3.683,0
286,8,Oil,Transition,Transition Oil,3.198,-0.38
287,8,Oil,Transition,Transition Oil,3.008,-0.38
290,9,Water,Transition,Transition Water,22.362,0.370000000000001
291,9,Water,Transition,Transition Water,22.843,0
292,9,Water,Transition,Transition Water,23.472,0.370000000000001
293,9,Water,Transition,Transition Water,24.134,0.360000000000003
294,9,Water,Transition,Transition Water,24.979,0.740000000000002
295,9,Water,Transition,Transition Water,26.089,0.740000000000002
296,9,Water,Transition,Transition Water,27.236,0.739999999999998
297,9,Water,Transition,Transition Water,28.336,0.740000000000002
298,9,Water,Transition,Transition Water,29.594,0.370000000000001
299,9,Water,Transition,Transition Water,30.593,0.739999999999998
300,9,Water,Transition,Transition Water,31.586,0.359999999999999
301,9,Water,Transition,Transition Water,32.507,0.740000000000002
302,9,Water,Transition,Transition Water,33.432,0.369999999999997
303,9,Water,Transition,Transition Water,34.246,0.739999999999995
304,9,Water,Transition,Transition Water,35.168,0.359999999999999
305,9,Water,Transition,Transition Water,35.901,0.369999999999997
306,9,Water,Transition,Transition Water,36.604,0.369999999999997
307,9,Water,Transition,Transition Water,37.529,0.739999999999995
308,9,Water,Transition,Transition Water,38.454,0.369999999999997
309,9,Water,Transition,Transition Water,39.184,0.369999999999997
310,9,Water,Transition,Transition Water,39.739,0.370000000000005
311,9,Water,Transition,Transition Water,40.442,0.370000000000005
312,9,Water,Transition,Transition Water,41.071,0.369999999999997
313,9,Water,Transition,Transition Water,41.7,0.740000000000002
314,9,Water,Transition,Transition Water,42.292,0.369999999999997
315,9,Water,Transition,Transition Water,42.584,0.359999999999999
316,9,Water,Transition,Transition Water,43.022,0.370000000000005
317,9,Water,Transition,Transition Water,43.466,0.369999999999997
318,9,Water,Transition,Transition Water,44.021,0.370000000000005
319,10,Oil,Transition,Transition Oil,4.023,-0.74
320,10,Oil,Transition,Transition Oil,3.32,0
322,10,Oil,Transition,Transition Oil,3.246,0
323,10,Oil,Transition,Transition Oil,3.542,0.37
324,10,Oil,Transition,Transition Oil,4.06,0
325,10,Oil,Transition,Transition Oil,4.541,0.37
326,10,Oil,Transition,Transition Oil,5.022,0.37
327,10,Oil,Transition,Transition Oil,4.948,-0.37
328,10,Oil,Transition,Transition Oil,4.393,-0.37
331,10,Oil,Transition,Transition Oil,3.727,0
332,10,Oil,Transition,Transition Oil,3.801,0
333,10,Oil,Transition,Transition Oil,3.69,0
335,10,Oil,Transition,Transition Oil,3.616,0
336,10,Oil,Transition,Transition Oil,3.357,-0.37
340,10,Oil,Transition,Transition Oil,2.95,0
344,10,Oil,Transition,Transition Oil,2.839,-0.37
345,10,Oil,Transition,Transition Oil,2.58,0
363,11,Water,Transition,Transition Water,2.802,0.37
364,11,Water,Transition,Transition Water,3.986,0.74
365,11,Water,Transition,Transition Water,5.978,1.47
366,11,Water,Transition,Transition Water,9.594,1.84
367,11,Water,Transition,Transition Water,11.292,1.11
368,11,Water,Transition,Transition Water,12.402,0.74
369,11,Water,Transition,Transition Water,13.465,0.370000000000001
370,11,Water,Transition,Transition Water,14.279,0.74
371,11,Water,Transition,Transition Water,15.056,0.370000000000001
372,11,Water,Transition,Transition Water,15.944,0.739999999999998
373,11,Water,Transition,Transition Water,16.862,0.359999999999999
374,11,Water,Transition,Transition Water,17.562,0.370000000000001
375,11,Water,Transition,Transition Water,18.228,0.370000000000001
376,11,Water,Transition,Transition Water,18.783,0.370000000000001
377,11,Water,Transition,Transition Water,19.375,0.369999999999997
378,11,Water,Transition,Transition Water,19.893,0
379,11,Water,Transition,Transition Water,20.372,0.359999999999999
380,11,Water,Transition,Transition Water,20.734,0
381,11,Water,Transition,Transition Water,21.067,0.369999999999997
382,11,Water,Transition,Transition Water,21.548,0.370000000000001
383,11,Water,Transition,Transition Water,22.103,0.370000000000001
384,11,Water,Transition,Transition Water,22.547,0.369999999999997
385,11,Water,Transition,Transition Water,23.176,0.740000000000002
386,11,Water,Transition,Transition Water,24.025,0.360000000000003
387,11,Water,Transition,Transition Water,24.794,0.370000000000001
388,11,Water,Transition,Transition Water,25.904,0.739999999999998
389,11,Water,Transition,Transition Water,26.94,0.739999999999998
390,11,Water,Transition,Transition Water,28.151,0.370000000000001
391,11,Water,Transition,Transition Water,29.039,0.739999999999998
392,11,Water,Transition,Transition Water,30.112,0.370000000000001
393,11,Water,Transition,Transition Water,31,0.740000000000002
394,11,Water,Transition,Transition Water,31.878,0.370000000000001
395,11,Water,Transition,Transition Water,32.692,0.370000000000005
397,11,Water,Transition,Transition Water,34.283,0.739999999999995
398,11,Water,Transition,Transition Water,35.276,0.359999999999999
399,11,Water,Transition,Transition Water,36.012,0.369999999999997
400,11,Water,Transition,Transition Water,36.53,0
401,11,Water,Transition,Transition Water,37.122,0.370000000000005
402,11,Water,Transition,Transition Water,37.714,0.369999999999997
403,11,Water,Transition,Transition Water,38.858,0.359999999999999
404,11,Water,Transition,Transition Water,39.554,0.370000000000005
405,11,Water,Transition,Transition Water,39.924,0.369999999999997
406,11,Water,Transition,Transition Water,40.405,0.370000000000005
407,11,Water,Transition,Transition Water,40.96,0
408,11,Water,Transition,Transition Water,41.33,0
409,11,Water,Transition,Transition Water,41.774,0.369999999999997
410,11,Water,Transition,Transition Water,42.329,0.369999999999997
411,12,Oil,Transition,Transition Oil,3.579,-0.74
413,12,Oil,Transition,Transition Oil,3.135,0
415,12,Oil,Transition,Transition Oil,3.283,0
423,12,Oil,Transition,Transition Oil,3.505,0.37
427,12,Oil,Transition,Transition Oil,4.097,0
428,12,Oil,Transition,Transition Oil,4.171,-0.37
429,12,Oil,Transition,Transition Oil,4.356,-0.37
430,12,Oil,Transition,Transition Oil,4.356,-0.37
432,12,Oil,Transition,Transition Oil,3.912,-0.37
434,12,Oil,Transition,Transition Oil,3.616,-0.37
437,12,Oil,Transition,Transition Oil,3.283,0
438,12,Oil,Transition,Transition Oil,3.209,-0.37
439,12,Oil,Transition,Transition Oil,3.061,-0.37
442,12,Oil,Transition,Transition Oil,2.987,-0.37
451,12,Oil,Transition,Transition Oil,2.876,-0.37
452,12,Oil,Transition,Transition Oil,2.802,-0.37
453,12,Oil,Transition,Transition Oil,2.654,0
455,12,Oil,Transition,Transition Oil,2.617,-0.37
456,12,Oil,Transition,Transition Oil,2.617,0
457,13,Water,Transition,Transition Water,4.428,2.21
458,13,Water,Transition,Transition Water,7.824,1.48
459,13,Water,Transition,Transition Water,9.705,1.1
460,13,Water,Transition,Transition Water,11.218,0.74
461,13,Water,Transition,Transition Water,12.88,0.729999999999999
462,13,Water,Transition,Transition Water,14.316,0.74
463,13,Water,Transition,Transition Water,15.426,0.739999999999998
464,13,Water,Transition,Transition Water,16.645,0.73
465,13,Water,Transition,Transition Water,17.562,0.370000000000001
466,13,Water,Transition,Transition Water,18.302,0.370000000000001
467,13,Water,Transition,Transition Water,18.894,0.370000000000001
468,13,Water,Transition,Transition Water,19.412,0.369999999999997
469,13,Water,Transition,Transition Water,20.004,0.370000000000001
470,13,Water,Transition,Transition Water,20.552,0
471,13,Water,Transition,Transition Water,21.03,0
472,13,Water,Transition,Transition Water,21.511,0.370000000000001
473,13,Water,Transition,Transition Water,22.029,0
474,13,Water,Transition,Transition Water,22.584,0.369999999999997
475,13,Water,Transition,Transition Water,23.213,0.740000000000002
476,13,Water,Transition,Transition Water,24.646,0.739999999999998
479,13,Water,Transition,Transition Water,28.299,0.740000000000002
480,13,Water,Transition,Transition Water,29.372,0.370000000000001
481,13,Water,Transition,Transition Water,30.445,1.11
482,13,Water,Transition,Transition Water,31.405,0.73
483,13,Water,Transition,Transition Water,32.248,0.369999999999997
484,13,Water,Transition,Transition Water,32.951,0.369999999999997
485,13,Water,Transition,Transition Water,33.765,0.370000000000005
486,13,Water,Transition,Transition Water,34.357,0.369999999999997
487,13,Water,Transition,Transition Water,34.912,0.370000000000005
488,13,Water,Transition,Transition Water,35.457,0.369999999999997
489,13,Water,Transition,Transition Water,35.938,0.369999999999997
490,13,Water,Transition,Transition Water,36.493,0
491,13,Water,Transition,Transition Water,37.011,0.370000000000005
492,13,Water,Transition,Transition Water,37.455,0.369999999999997
493,13,Water,Transition,Transition Water,38.047,0.370000000000005
494,13,Water,Transition,Transition Water,38.639,0.369999999999997
495,13,Water,Transition,Transition Water,39.221,0
496,13,Water,Transition,Transition Water,39.665,0.370000000000005
497,13,Water,Transition,Transition Water,40.035,0.369999999999997
499,13,Water,Transition,Transition Water,40.812,0.369999999999997
501,13,Water,Transition,Transition Water,41.589,0.370000000000005
502,13,Water,Transition,Transition Water,41.848,0.369999999999997
503,14,Oil,Transition,Transition Oil,3.431,-0.37
508,14,Oil,Transition,Transition Oil,10.7,0
511,14,Oil,Transition,Transition Oil,10.663,0
512,14,Oil,Transition,Transition Oil,10.626,-0.369999999999999
513,14,Oil,Transition,Transition Oil,10.478,-0.369999999999999
514,14,Oil,Transition,Transition Oil,10.33,0
517,14,Oil,Transition,Transition Oil,10.404,0
518,14,Oil,Transition,Transition Oil,10.626,0
522,14,Oil,Transition,Transition Oil,10.441,0.369999999999999
523,14,Oil,Transition,Transition Oil,10.256,-0.369999999999999
524,15,Water,Transition,Transition Water,11.736,0.74
525,15,Water,Transition,Transition Water,14.279,0.74
526,15,Water,Transition,Transition Water,15.537,0.739999999999998
527,15,Water,Transition,Transition Water,16.79,0.359999999999999
528,15,Water,Transition,Transition Water,17.858,0.369999999999997
529,15,Water,Transition,Transition Water,19.005,0.370000000000001
530,15,Water,Transition,Transition Water,19.967,0.740000000000002
531,15,Water,Transition,Transition Water,20.845,0.370000000000001
532,15,Water,Transition,Transition Water,21.659,0.740000000000002
533,15,Water,Transition,Transition Water,22.362,0.370000000000001
534,15,Water,Transition,Transition Water,23.102,0.370000000000001
535,15,Water,Transition,Transition Water,23.731,0.369999999999997
536,15,Water,Transition,Transition Water,24.314,0.360000000000003
537,15,Water,Transition,Transition Water,24.942,0.370000000000001
538,15,Water,Transition,Transition Water,25.46,0
539,15,Water,Transition,Transition Water,25.904,0.370000000000001
540,15,Water,Transition,Transition Water,26.533,0.370000000000001
541,15,Water,Transition,Transition Water,27.051,0.369999999999997
542,15,Water,Transition,Transition Water,27.606,0.370000000000001
543,15,Water,Transition,Transition Water,28.04,0
544,15,Water,Transition,Transition Water,28.447,0.370000000000001
545,15,Water,Transition,Transition Water,29.113,0
546,15,Water,Transition,Transition Water,29.557,0.370000000000001
547,15,Water,Transition,Transition Water,30.26,0.739999999999998
548,15,Water,Transition,Transition Water,30.926,0.370000000000001
550,15,Water,Transition,Transition Water,32.359,0.369999999999997
551,15,Water,Transition,Transition Water,33.025,0.369999999999997
552,15,Water,Transition,Transition Water,33.839,0.740000000000002
553,15,Water,Transition,Transition Water,34.727,0.740000000000002
554,15,Water,Transition,Transition Water,35.568,0.369999999999997
555,15,Water,Transition,Transition Water,36.382,0.370000000000005
556,15,Water,Transition,Transition Water,37.085,0.370000000000005
557,15,Water,Transition,Transition Water,37.936,0.740000000000002
558,15,Water,Transition,Transition Water,38.784,0.729999999999997
559,15,Water,Transition,Transition Water,39.591,0.370000000000005
560,15,Water,Transition,Transition Water,40.368,0.370000000000005
561,15,Water,Transition,Transition Water,41.182,0.369999999999997
562,15,Water,Transition,Transition Water,41.922,0.369999999999997
563,15,Water,Transition,Transition Water,42.476,0.359999999999999
564,15,Water,Transition,Transition Water,43.022,0.370000000000005
565,15,Water,Transition,Transition Water,43.651,0.369999999999997
566,15,Water,Transition,Transition Water,44.354,0.369999999999997
567,15,Water,Transition,Transition Water,44.872,0.370000000000005
568,15,Water,Transition,Transition Water,45.427,0.369999999999997
569,15,Water,Transition,Transition Water,45.945,0.370000000000005
570,16,Oil,Transition,Transition Oil,14.209,-8.49
571,16,Oil,Transition,Transition Oil,10.367,-0.369999999999999
572,16,Oil,Transition,Transition Oil,9.96,0
576,16,Oil,Transition,Transition Oil,10.626,0.369999999999999
577,16,Oil,Transition,Transition Oil,11.07,0
578,16,Oil,Transition,Transition Oil,11.44,0
584,16,Oil,Transition,Transition Oil,10.478,-0.369999999999999
587,16,Oil,Transition,Transition Oil,10.182,-0.369999999999999
590,16,Oil,Transition,Transition Oil,9.59,0
592,16,Oil,Transition,Transition Oil,9.23,0
595,16,Oil,Transition,Transition Oil,9.302,-0.359999999999999
596,16,Oil,Transition,Transition Oil,9.482,0
597,16,Oil,Transition,Transition Oil,9.338,0
602,16,Oil,Transition,Transition Oil,9.156,0
603,16,Oil,Transition,Transition Oil,9.008,-0.370000000000001
604,16,Oil,Transition,Transition Oil,8.897,0
605,16,Oil,Transition,Transition Oil,8.86,0
607,16,Oil,Transition,Transition Oil,8.897,-0.370000000000001
609,16,Oil,Transition,Transition Oil,8.897,0
611,16,Oil,Transition,Transition Oil,9.119,0.370000000000001
614,16,Oil,Transition,Transition Oil,9.518,0.359999999999999
617,16,Oil,Transition,Transition Oil,9.41,-0.359999999999999
618,17,Water,Transition,Transition Water,10.515,1.11
619,17,Water,Transition,Transition Water,12.143,1.11
620,17,Water,Transition,Transition Water,13.872,1.11
621,17,Water,Transition,Transition Water,15.352,0.369999999999999
622,17,Water,Transition,Transition Water,16.425,0.370000000000001
623,17,Water,Transition,Transition Water,17.599,0.739999999999998
624,17,Water,Transition,Transition Water,18.709,0.740000000000002
625,17,Water,Transition,Transition Water,19.745,0.370000000000001
626,17,Water,Transition,Transition Water,20.589,0.73
627,17,Water,Transition,Transition Water,21.4,0.370000000000001
628,17,Water,Transition,Transition Water,22.066,0.370000000000001
629,17,Water,Transition,Transition Water,22.954,0.370000000000001
630,17,Water,Transition,Transition Water,23.62,0
631,17,Water,Transition,Transition Water,24.206,0.360000000000003
632,17,Water,Transition,Transition Water,24.72,0
633,17,Water,Transition,Transition Water,25.09,0
634,17,Water,Transition,Transition Water,25.534,0.369999999999997
635,17,Water,Transition,Transition Water,26.052,0.370000000000001
636,17,Water,Transition,Transition Water,26.607,0
637,17,Water,Transition,Transition Water,27.051,0.369999999999997
638,17,Water,Transition,Transition Water,27.605,0.73
639,17,Water,Transition,Transition Water,28.299,0.370000000000001
640,17,Water,Transition,Transition Water,29.076,0.739999999999998
641,17,Water,Transition,Transition Water,30.001,0.370000000000001
642,17,Water,Transition,Transition Water,30.852,0.370000000000001
643,17,Water,Transition,Transition Water,31.66,0.73
644,17,Water,Transition,Transition Water,32.47,0.740000000000002
645,17,Water,Transition,Transition Water,33.395,0.369999999999997
646,17,Water,Transition,Transition Water,34.172,0.369999999999997
648,17,Water,Transition,Transition Water,35.568,0.369999999999997
649,17,Water,Transition,Transition Water,36.271,0.370000000000005
650,17,Water,Transition,Transition Water,36.9,0
651,17,Water,Transition,Transition Water,37.492,0.369999999999997
652,17,Water,Transition,Transition Water,38.084,0.370000000000005
653,17,Water,Transition,Transition Water,38.713,0.369999999999997
654,17,Water,Transition,Transition Water,39.332,0.369999999999997
655,17,Water,Transition,Transition Water,39.887,0.369999999999997
657,17,Water,Transition,Transition Water,40.997,0.369999999999997
658,17,Water,Transition,Transition Water,41.552,0.370000000000005
659,17,Water,Transition,Transition Water,42.107,0.369999999999997
660,17,Water,Transition,Transition Water,42.44,0
661,17,Water,Transition,Transition Water,42.911,0.370000000000005
662,17,Water,Transition,Transition Water,43.244,0.369999999999997
663,17,Water,Transition,Transition Water,43.725,0.369999999999997
664,17,Water,Transition,Transition Water,44.095,0.370000000000005
665,18,Oil,Transition,Transition Oil,12.436,-3.69
666,18,Oil,Transition,Transition Oil,10.589,-0.369999999999999
671,18,Oil,Transition,Transition Oil,10.478,0.369999999999999
672,18,Oil,Transition,Transition Oil,10.515,-0.369999999999999
675,18,Oil,Transition,Transition Oil,10.515,-0.369999999999999
676,18,Oil,Transition,Transition Oil,10.626,0.369999999999999
677,18,Oil,Transition,Transition Oil,10.626,0
684,18,Oil,Transition,Transition Oil,10.404,0.369999999999999
688,18,Oil,Transition,Transition Oil,10.663,0
689,18,Oil,Transition,Transition Oil,10.589,0.369999999999999
691,18,Oil,Transition,Transition Oil,10.552,-0.369999999999999
695,18,Oil,Transition,Transition Oil,10.293,0
700,18,Oil,Transition,Transition Oil,10.367,0
701,18,Oil,Transition,Transition Oil,10.552,0
702,18,Oil,Transition,Transition Oil,10.552,-0.369999999999999
703,18,Oil,Transition,Transition Oil,10.663,0
704,18,Oil,Transition,Transition Oil,10.626,0
705,18,Oil,Transition,Transition Oil,10.515,0
708,18,Oil,Transition,Transition Oil,10.441,0
711,19,Water,Transition,Transition Water,10.33,1.11
712,19,Water,Transition,Transition Water,12.106,0.74
713,19,Water,Transition,Transition Water,13.613,0.74
714,19,Water,Transition,Transition Water,15.056,0.74
715,19,Water,Transition,Transition Water,16.534,0.73
716,19,Water,Transition,Transition Water,17.747,0.739999999999998
717,19,Water,Transition,Transition Water,18.746,0.740000000000002
718,19,Water,Transition,Transition Water,19.671,0.370000000000001
719,19,Water,Transition,Transition Water,20.516,0.359999999999999
720,19,Water,Transition,Transition Water,21.252,0.369999999999997
721,19,Water,Transition,Transition Water,21.881,0.370000000000001
722,19,Water,Transition,Transition Water,22.436,0.370000000000001
724,19,Water,Transition,Transition Water,23.694,0.369999999999997
725,19,Water,Transition,Transition Water,24.387,0.369999999999997
727,19,Water,Transition,Transition Water,25.571,0.369999999999997
728,19,Water,Transition,Transition Water,26.163,0.740000000000002
729,19,Water,Transition,Transition Water,26.829,0.739999999999998
730,19,Water,Transition,Transition Water,27.532,0.370000000000001
731,19,Water,Transition,Transition Water,28.114,0.370000000000001
732,19,Water,Transition,Transition Water,28.669,0.739999999999998
733,19,Water,Transition,Transition Water,29.409,0.370000000000001
736,19,Water,Transition,Transition Water,31.55,0.359999999999999
737,19,Water,Transition,Transition Water,32.285,0.369999999999997
738,19,Water,Transition,Transition Water,32.951,0.369999999999997
739,19,Water,Transition,Transition Water,33.543,0.740000000000002
740,19,Water,Transition,Transition Water,34.098,0.369999999999997
741,19,Water,Transition,Transition Water,34.727,0.370000000000005
743,19,Water,Transition,Transition Water,35.901,0.369999999999997
745,19,Water,Transition,Transition Water,37.159,0.370000000000005
746,19,Water,Transition,Transition Water,37.862,0.369999999999997
747,19,Water,Transition,Transition Water,38.38,0
748,19,Water,Transition,Transition Water,38.966,0.359999999999999
750,19,Water,Transition,Transition Water,40.109,0.369999999999997
751,19,Water,Transition,Transition Water,40.664,0.369999999999997
752,19,Water,Transition,Transition Water,41.293,0
754,19,Water,Transition,Transition Water,42.512,0.359999999999999
755,19,Water,Transition,Transition Water,42.948,0.370000000000005
756,19,Water,Transition,Transition Water,43.392,0
757,20,Oil,Stable,Stable Oil,11.698,-2.95
758,20,Oil,Stable,Stable Oil,10.293,0
759,20,Oil,Stable,Stable Oil,10.034,-0.369999999999999
760,20,Oil,Stable,Stable Oil,10.219,0.369999999999999
763,20,Oil,Stable,Stable Oil,11.033,0
765,20,Oil,Stable,Stable Oil,11.403,0
768,20,Oil,Stable,Stable Oil,11.181,0
769,20,Oil,Stable,Stable Oil,7.66,0
770,20,Oil,Stable,Stable Oil,7.703,0.43
779,20,Oil,Stable,Stable Oil,7.703,0
807,20,Oil,Stable,Stable Oil,7.703,0
851,20,Oil,Stable,Stable Oil,7.703,0
879,20,Oil,Stable,Stable Oil,1.65,0
883,20,Oil,Stable,Stable Oil,1.608,-0.42
887,20,Oil,Stable,Stable Oil,1.566,0
891,20,Oil,Stable,Stable Oil,1.608,0
893,20,Oil,Stable,Stable Oil,1.608,0
894,20,Oil,Stable,Stable Oil,1.524,0.42
896,20,Oil,Stable,Stable Oil,1.608,0
898,20,Oil,Stable,Stable Oil,1.608,0
904,20,Oil,Stable,Stable Oil,1.566,0
905,20,Oil,Stable,Stable Oil,1.566,0
907,20,Oil,Stable,Stable Oil,1.524,0.42
910,20,Oil,Stable,Stable Oil,1.608,0
921,20,Oil,Stable,Stable Oil,1.608,0
926,20,Oil,Stable,Stable Oil,1.524,0
930,20,Oil,Stable,Stable Oil,1.524,0.42
935,20,Oil,Stable,Stable Oil,1.608,0
937,20,Oil,Stable,Stable Oil,1.608,0.42
948,20,Oil,Stable,Stable Oil,1.566,0.42
954,20,Oil,Stable,Stable Oil,1.524,0.42
960,20,Oil,Stable,Stable Oil,1.566,0
963,20,Oil,Stable,Stable Oil,1.566,0.42
969,20,Oil,Stable,Stable Oil,1.482,0.42
970,20,Oil,Stable,Stable Oil,1.566,0
973,20,Oil,Stable,Stable Oil,1.566,0
990,20,Oil,Stable,Stable Oil,1.482,0
994,20,Oil,Stable,Stable Oil,1.566,0
1000,20,Oil,Stable,Stable Oil,1.524,0
1008,20,Oil,Stable,Stable Oil,1.566,0.42
1013,20,Oil,Stable,Stable Oil,1.566,0
1017,20,Oil,Stable,Stable Oil,1.482,0.42
1021,20,Oil,Stable,Stable Oil,1.566,-0.42
1024,20,Oil,Stable,Stable Oil,1.566,0
1025,20,Oil,Stable,Stable Oil,1.566,0
1026,20,Oil,Stable,Stable Oil,1.566,-0.42
1028,20,Oil,Stable,Stable Oil,1.482,0
1029,20,Oil,Stable,Stable Oil,1.566,0
1030,20,Oil,Stable,Stable Oil,1.566,0
1031,20,Oil,Stable,Stable Oil,1.566,0
1032,20,Oil,Stable,Stable Oil,1.398,0
1034,20,Oil,Stable,Stable Oil,1.398,-0.42
1035,20,Oil,Stable,Stable Oil,1.482,0.42
1038,20,Oil,Stable,Stable Oil,1.566,0
1039,20,Oil,Stable,Stable Oil,1.482,0
1040,20,Oil,Stable,Stable Oil,1.524,0
1044,20,Oil,Stable,Stable Oil,1.608,0
1079,20,Oil,Stable,Stable Oil,1.902,0
1080,20,Oil,Stable,Stable Oil,1.86,0
1081,20,Oil,Stable,Stable Oil,2.07,0
1083,20,Oil,Stable,Stable Oil,1.86,0.42
1084,20,Oil,Stable,Stable Oil,1.902,0
1085,20,Oil,Stable,Stable Oil,1.86,0
1086,20,Oil,Stable,Stable Oil,1.986,0
1087,20,Oil,Stable,Stable Oil,1.902,0
1088,20,Oil,Stable,Stable Oil,1.902,-0.42
1089,20,Oil,Stable,Stable Oil,1.86,-0.42
1090,20,Oil,Stable,Stable Oil,1.986,0
1091,20,Oil,Stable,Stable Oil,1.86,-0.42
1092,20,Oil,Stable,Stable Oil,1.734,0
1093,20,Oil,Stable,Stable Oil,1.86,0
1094,20,Oil,Stable,Stable Oil,1.944,-0.42
1095,20,Oil,Stable,Stable Oil,1.902,0
1096,20,Oil,Stable,Stable Oil,1.776,0.42
1097,20,Oil,Stable,Stable Oil,2.028,0.42
1098,20,Oil,Stable,Stable Oil,1.902,-0.42
1099,20,Oil,Stable,Stable Oil,1.902,0
1100,20,Oil,Stable,Stable Oil,1.902,-0.42
1101,20,Oil,Stable,Stable Oil,2.028,0
1102,20,Oil,Stable,Stable Oil,2.028,0
1103,20,Oil,Stable,Stable Oil,1.944,0
1104,20,Oil,Stable,Stable Oil,1.776,0.42
1105,20,Oil,Stable,Stable Oil,1.86,0
1107,20,Oil,Stable,Stable Oil,1.986,-0.42
1108,20,Oil,Stable,Stable Oil,1.986,0
1109,20,Oil,Stable,Stable Oil,1.986,0
1110,20,Oil,Stable,Stable Oil,1.902,0
1111,20,Oil,Stable,Stable Oil,1.902,0.42
1112,20,Oil,Stable,Stable Oil,1.818,0.42
1113,20,Oil,Stable,Stable Oil,1.944,0
1114,20,Oil,Stable,Stable Oil,1.86,-0.42
1115,20,Oil,Stable,Stable Oil,1.986,-0.42
1116,20,Oil,Stable,Stable Oil,1.776,-0.42
1117,20,Oil,Stable,Stable Oil,1.734,-0.42
1118,20,Oil,Stable,Stable Oil,1.86,-0.42
1119,20,Oil,Stable,Stable Oil,1.902,0
1120,20,Oil,Stable,Stable Oil,1.818,-0.42
1121,20,Oil,Stable,Stable Oil,1.986,0
1122,20,Oil,Stable,Stable Oil,1.86,0.42
1124,20,Oil,Stable,Stable Oil,1.944,0
1125,20,Oil,Stable,Stable Oil,1.818,0
1126,20,Oil,Stable,Stable Oil,1.86,-0.42
1127,20,Oil,Stable,Stable Oil,1.902,0
1128,20,Oil,Stable,Stable Oil,1.902,0
1129,20,Oil,Stable,Stable Oil,1.734,0
1130,20,Oil,Stable,Stable Oil,1.86,-0.42
1131,20,Oil,Stable,Stable Oil,1.776,0
1132,20,Oil,Stable,Stable Oil,1.902,0
1133,20,Oil,Stable,Stable Oil,1.86,-0.42
1134,20,Oil,Stable,Stable Oil,1.986,0
1135,20,Oil,Stable,Stable Oil,1.902,0
1136,20,Oil,Stable,Stable Oil,1.944,0.42
1137,20,Oil,Stable,Stable Oil,1.902,0
1138,20,Oil,Stable,Stable Oil,1.86,-0.42
1139,20,Oil,Stable,Stable Oil,1.86,-0.42
1140,20,Oil,Stable,Stable Oil,1.734,-0.42
1141,20,Oil,Stable,Stable Oil,1.86,0.42
1142,20,Oil,Stable,Stable Oil,1.818,-0.42
1143,20,Oil,Stable,Stable Oil,1.902,0.42
1144,20,Oil,Stable,Stable Oil,1.944,-0.42
1145,20,Oil,Stable,Stable Oil,1.902,0
1146,20,Oil,Stable,Stable Oil,1.776,-0.42
1147,20,Oil,Stable,Stable Oil,1.902,0
1148,20,Oil,Stable,Stable Oil,1.86,0
1149,20,Oil,Stable,Stable Oil,1.944,0.42
1151,20,Oil,Stable,Stable Oil,1.86,0.42
1152,20,Oil,Stable,Stable Oil,1.86,-0.42
1153,20,Oil,Stable,Stable Oil,1.986,0
1154,20,Oil,Stable,Stable Oil,1.86,0
1155,20,Oil,Stable,Stable Oil,1.86,-0.42
1156,20,Oil,Stable,Stable Oil,1.818,0
1157,20,Oil,Stable,Stable Oil,1.818,0
1158,20,Oil,Stable,Stable Oil,1.86,0.42
1159,20,Oil,Stable,Stable Oil,1.944,-0.42
1160,20,Oil,Stable,Stable Oil,1.86,0.42
1161,20,Oil,Stable,Stable Oil,1.902,0
1163,20,Oil,Stable,Stable Oil,1.944,-0.42
1164,20,Oil,Stable,Stable Oil,1.818,-0.42
1165,20,Oil,Stable,Stable Oil,1.986,-0.42
1166,20,Oil,Stable,Stable Oil,1.986,-0.42
1167,20,Oil,Stable,Stable Oil,1.944,0
1168,20,Oil,Stable,Stable Oil,2.028,-0.42
1169,20,Oil,Stable,Stable Oil,1.902,-0.42
1170,20,Oil,Stable,Stable Oil,1.692,0
1171,20,Oil,Stable,Stable Oil,1.986,0
1172,20,Oil,Stable,Stable Oil,1.944,0.42
1173,20,Oil,Stable,Stable Oil,1.986,0
1175,20,Oil,Stable,Stable Oil,1.902,-0.42
1176,20,Oil,Stable,Stable Oil,1.944,-0.42
1177,20,Oil,Stable,Stable Oil,1.86,0.42
1178,20,Oil,Stable,Stable Oil,1.986,0
1180,20,Oil,Stable,Stable Oil,1.902,0.42
1181,20,Oil,Stable,Stable Oil,1.86,0
1182,20,Oil,Stable,Stable Oil,1.86,-0.42
1183,20,Oil,Stable,Stable Oil,1.86,0.42
1184,20,Oil,Stable,Stable Oil,1.776,0
1185,20,Oil,Stable,Stable Oil,1.902,0
1186,20,Oil,Stable,Stable Oil,2.028,0
1188,20,Oil,Stable,Stable Oil,1.944,-0.42
1190,20,Oil,Stable,Stable Oil,1.986,0
1191,20,Oil,Stable,Stable Oil,1.86,-0.42
1192,20,Oil,Stable,Stable Oil,1.944,-0.42
1196,20,Oil,Stable,Stable Oil,1.902,0.42
1198,20,Oil,Stable,Stable Oil,1.986,0.42
1200,20,Oil,Stable,Stable Oil,1.86,0
1201,20,Oil,Stable,Stable Oil,1.944,0
1202,20,Oil,Stable,Stable Oil,1.986,0
1203,20,Oil,Stable,Stable Oil,1.776,0
1204,20,Oil,Stable,Stable Oil,1.818,0.42
1205,20,Oil,Stable,Stable Oil,1.986,0
1207,20,Oil,Stable,Stable Oil,1.944,0
1209,20,Oil,Stable,Stable Oil,1.944,0.42
1210,20,Oil,Stable,Stable Oil,1.818,0.42
1212,20,Oil,Stable,Stable Oil,2.028,0
1213,20,Oil,Stable,Stable Oil,1.944,-0.42
1214,20,Oil,Stable,Stable Oil,1.902,0.42
1216,20,Oil,Stable,Stable Oil,2.028,0
1218,20,Oil,Stable,Stable Oil,1.86,-0.42
1219,20,Oil,Stable,Stable Oil,1.944,0
1220,20,Oil,Stable,Stable Oil,1.944,-0.42
1223,20,Oil,Stable,Stable Oil,1.818,0
1224,20,Oil,Stable,Stable Oil,1.818,-0.42
1225,20,Oil,Stable,Stable Oil,1.902,0.42
1226,20,Oil,Stable,Stable Oil,1.944,0
1227,20,Oil,Stable,Stable Oil,1.902,0.42
1228,20,Oil,Stable,Stable Oil,1.944,0
1229,20,Oil,Stable,Stable Oil,2.028,0
1230,20,Oil,Stable,Stable Oil,1.902,0
1231,20,Oil,Stable,Stable Oil,1.86,0
1232,20,Oil,Stable,Stable Oil,1.776,0
1233,20,Oil,Stable,Stable Oil,1.944,0.42
1235,20,Oil,Stable,Stable Oil,1.986,0
1237,20,Oil,Stable,Stable Oil,1.944,-0.42
1238,20,Oil,Stable,Stable Oil,1.986,0
1239,20,Oil,Stable,Stable Oil,1.944,0
1244,20,Oil,Stable,Stable Oil,1.944,0
1246,20,Oil,Stable,Stable Oil,1.986,0
1247,20,Oil,Stable,Stable Oil,1.944,0
1248,20,Oil,Stable,Stable Oil,1.818,-0.42
1249,20,Oil,Stable,Stable Oil,1.986,0.42
1250,20,Oil,Stable,Stable Oil,1.818,0.42
1252,20,Oil,Stable,Stable Oil,1.818,-0.42
1253,20,Oil,Stable,Stable Oil,1.818,0.42
1254,20,Oil,Stable,Stable Oil,1.818,-0.42
1256,20,Oil,Stable,Stable Oil,1.776,-0.42
1257,20,Oil,Stable,Stable Oil,1.818,0.42
1258,20,Oil,Stable,Stable Oil,1.776,0
1259,20,Oil,Stable,Stable Oil,1.86,0
1260,20,Oil,Stable,Stable Oil,1.86,0.42
1261,20,Oil,Stable,Stable Oil,1.818,0
1263,20,Oil,Stable,Stable Oil,1.776,0
1264,20,Oil,Stable,Stable Oil,1.86,0.42
1265,20,Oil,Stable,Stable Oil,1.944,-0.42
1266,20,Oil,Stable,Stable Oil,1.902,0
1267,20,Oil,Stable,Stable Oil,1.944,0.42
1270,20,Oil,Stable,Stable Oil,1.944,0
1271,20,Oil,Stable,Stable Oil,1.986,0
1272,20,Oil,Stable,Stable Oil,1.944,0
1276,20,Oil,Stable,Stable Oil,1.902,0
1277,20,Oil,Stable,Stable Oil,1.986,0
1278,20,Oil,Stable,Stable Oil,1.944,-0.42
1279,20,Oil,Stable,Stable Oil,1.72,0
1479,21,Water,Stable,Stable Water,55.17,0
1679,21,Water,Stable,Stable Water,80,0
1879,21,Water,Stable,Stable Water,78.57,0
1883,21,Water,Stable,Stable Water,78.612,-0.420000000000002
1895,21,Water,Stable,Stable Water,78.612,0
1905,21,Water,Stable,Stable Water,78.612,0
1908,21,Water,Stable,Stable Water,78.612,0
1925,21,Water,Stable,Stable Water,78.654,-0.420000000000002
1936,21,Water,Stable,Stable Water,78.612,0
1959,21,Water,Stable,Stable Water,78.612,0
2024,21,Water,Stable,Stable Water,78.612,0
2050,21,Water,Stable,Stable Water,78.612,0
2079,21,Water,Stable,Stable Water,81.06,0
2081,21,Water,Stable,Stable Water,81.016,-0.439999999999998
2082,21,Water,Stable,Stable Water,80.928,0
2083,21,Water,Stable,Stable Water,80.928,-0.439999999999998
2084,21,Water,Stable,Stable Water,81.016,0.439999999999998
2087,21,Water,Stable,Stable Water,81.016,0
2088,21,Water,Stable,Stable Water,80.972,0
2089,21,Water,Stable,Stable Water,81.016,0
2091,21,Water,Stable,Stable Water,81.016,0
2097,21,Water,Stable,Stable Water,81.016,0
2098,21,Water,Stable,Stable Water,81.016,0
2117,21,Water,Stable,Stable Water,81.016,0
2120,21,Water,Stable,Stable Water,81.016,0
2128,21,Water,Stable,Stable Water,81.016,0
2158,21,Water,Stable,Stable Water,80.972,0
2235,21,Water,Stable,Stable Water,80.972,0
2238,21,Water,Stable,Stable Water,80.972,0
2260,21,Water,Stable,Stable Water,80.972,0
2277,21,Water,Stable,Stable Water,80.972,0.439999999999998
2279,21,Water,Stable,Stable Water,84.21,0
2280,21,Water,Stable,Stable Water,84.254,0
2283,21,Water,Stable,Stable Water,84.298,0
2284,21,Water,Stable,Stable Water,84.298,0
2285,21,Water,Stable,Stable Water,84.254,0.440000000000012
2287,21,Water,Stable,Stable Water,84.342,0.440000000000012
2290,21,Water,Stable,Stable Water,84.386,0
2291,21,Water,Stable,Stable Water,84.342,0.440000000000012
2292,21,Water,Stable,Stable Water,84.254,0
2294,21,Water,Stable,Stable Water,84.298,0.440000000000012
2295,21,Water,Stable,Stable Water,84.298,0
2296,21,Water,Stable,Stable Water,84.342,0
2297,21,Water,Stable,Stable Water,84.43,-0.440000000000012
2298,21,Water,Stable,Stable Water,84.254,0
2299,21,Water,Stable,Stable Water,84.342,0.440000000000012
2302,21,Water,Stable,Stable Water,84.298,-0.440000000000012
2303,21,Water,Stable,Stable Water,84.342,0.440000000000012
2304,21,Water,Stable,Stable Water,84.342,-0.440000000000012
2305,21,Water,Stable,Stable Water,84.298,-0.440000000000012
2307,21,Water,Stable,Stable Water,84.254,0
2308,21,Water,Stable,Stable Water,84.298,0
2311,21,Water,Stable,Stable Water,84.254,0
2312,21,Water,Stable,Stable Water,84.342,-0.440000000000012
2313,21,Water,Stable,Stable Water,84.298,0.440000000000012
2314,21,Water,Stable,Stable Water,84.298,-0.440000000000012
2316,21,Water,Stable,Stable Water,84.254,0
2317,21,Water,Stable,Stable Water,84.298,0
2323,21,Water,Stable,Stable Water,84.298,0
2325,21,Water,Stable,Stable Water,84.254,-0.440000000000012
2327,21,Water,Stable,Stable Water,84.254,0
2330,21,Water,Stable,Stable Water,84.254,0
2333,21,Water,Stable,Stable Water,84.298,0
2334,21,Water,Stable,Stable Water,84.342,0
2338,21,Water,Stable,Stable Water,84.342,-0.440000000000012
2345,21,Water,Stable,Stable Water,84.298,0
2353,21,Water,Stable,Stable Water,84.298,0
2364,21,Water,Stable,Stable Water,84.298,-0.440000000000012
2374,21,Water,Stable,Stable Water,84.298,0
2375,21,Water,Stable,Stable Water,84.298,0
2376,21,Water,Stable,Stable Water,84.298,0
2380,21,Water,Stable,Stable Water,84.298,0
2385,21,Water,Stable,Stable Water,84.342,0.440000000000012
2387,21,Water,Stable,Stable Water,84.342,0
2390,21,Water,Stable,Stable Water,84.342,0
2391,21,Water,Stable,Stable Water,84.298,0
2396,21,Water,Stable,Stable Water,84.342,0
2399,21,Water,Stable,Stable Water,84.298,0
2403,21,Water,Stable,Stable Water,84.342,0.440000000000012
2404,21,Water,Stable,Stable Water,84.298,0
2406,21,Water,Stable,Stable Water,84.298,0.440000000000012
2407,21,Water,Stable,Stable Water,84.342,-0.440000000000012
2409,21,Water,Stable,Stable Water,84.342,0
2410,21,Water,Stable,Stable Water,84.298,0.440000000000012
2414,21,Water,Stable,Stable Water,84.386,0
2420,21,Water,Stable,Stable Water,84.342,0
2421,21,Water,Stable,Stable Water,84.386,0
2424,21,Water,Stable,Stable Water,84.342,-0.440000000000012
2425,21,Water,Stable,Stable Water,84.342,-0.440000000000012
2427,21,Water,Stable,Stable Water,84.342,0
2430,21,Water,Stable,Stable Water,84.386,0
2435,21,Water,Stable,Stable Water,84.342,0
2438,21,Water,Stable,Stable Water,84.298,0.440000000000012
2440,21,Water,Stable,Stable Water,84.342,0
2442,21,Water,Stable,Stable Water,84.298,0
2443,21,Water,Stable,Stable Water,84.298,0
2445,21,Water,Stable,Stable Water,84.386,0
2446,21,Water,Stable,Stable Water,84.298,0
2447,21,Water,Stable,Stable Water,84.386,-0.440000000000012
2448,21,Water,Stable,Stable Water,84.298,0
2453,21,Water,Stable,Stable Water,84.342,0
2454,21,Water,Stable,Stable Water,84.298,0
2457,21,Water,Stable,Stable Water,84.342,-0.440000000000012
2458,21,Water,Stable,Stable Water,84.342,-0.440000000000012
2459,21,Water,Stable,Stable Water,84.386,-0.440000000000012
2467,21,Water,Stable,Stable Water,84.298,-0.440000000000012
2469,21,Water,Stable,Stable Water,84.298,0
2470,21,Water,Stable,Stable Water,84.342,-0.440000000000012
2475,21,Water,Stable,Stable Water,84.342,0.440000000000012
2479,21,Water,Stable,Stable Water,81.02,0
2679,21,Water,Stable,Stable Water,85.19,0
2879,21,Water,Stable,Stable Water,78.74,0
3079,21,Water,Stable,Stable Water,83.33,0
3279,22,Oil,Transition,Transition Oil,43.977,-8.22
3280,22,Oil,Transition,Transition Oil,34.615,-7.04
3281,22,Oil,Transition,Transition Oil,28.624,-4.02
3282,22,Oil,Transition,Transition Oil,24.596,-3.19
3283,22,Oil,Transition,Transition Oil,22.098,-1.68
3284,22,Oil,Transition,Transition Oil,20.453,-1.34
3285,22,Oil,Transition,Transition Oil,19.33,-1.01
3286,22,Oil,Transition,Transition Oil,18.388,-0.84
3287,22,Oil,Transition,Transition Oil,17.552,-0.509999999999998
3288,22,Oil,Transition,Transition Oil,17.128,-0.170000000000002
3289,22,Oil,Transition,Transition Oil,16.763,-0.34
3290,22,Oil,Transition,Transition Oil,16.176,-0.500000000000002
3291,22,Oil,Transition,Transition Oil,15.634,-0.17
3292,22,Oil,Transition,Transition Oil,15.406,-0.17
3293,22,Oil,Transition,Transition Oil,15.117,-0.34
3294,22,Oil,Transition,Transition Oil,14.914,0
3295,22,Oil,Transition,Transition Oil,14.85,-0.16
3296,22,Oil,Transition,Transition Oil,14.77,0
3297,23,Water,Transition,Transition Water,27.298,7.39
3298,23,Water,Transition,Transition Water,32.6,2.85
3300,23,Water,Transition,Transition Water,35.25,1.84
3301,23,Water,Transition,Transition Water,37.215,1.68000000000001
3302,23,Water,Transition,Transition Water,39.027,1.67
3303,23,Water,Transition,Transition Water,40.688,1.51
3304,23,Water,Transition,Transition Water,42.299,1.34
3305,23,Water,Transition,Transition Water,43.859,1.34
3306,23,Water,Transition,Transition Water,45.285,1.34
3307,23,Water,Transition,Transition Water,46.679,1.01
3308,23,Water,Transition,Transition Water,47.969,1.01000000000001
3309,23,Water,Transition,Transition Water,49.162,1
3310,23,Water,Transition,Transition Water,50.184,0.840000000000003
3311,23,Water,Transition,Transition Water,51.057,0.839999999999996
3312,23,Water,Transition,Transition Water,51.896,0.670000000000002
3313,23,Water,Transition,Transition Water,52.633,0.670000000000002
3314,23,Water,Transition,Transition Water,53.238,0.5
3315,23,Water,Transition,Transition Water,53.707,0.509999999999998
3316,23,Water,Transition,Transition Water,54.192,0.329999999999998
3317,23,Water,Transition,Transition Water,54.649,0.509999999999998
3318,24,Oil,Transition,Transition Oil,53.558,-1.34
3320,24,Oil,Transition,Transition Oil,50.437,-5.04000000000001
3321,24,Oil,Transition,Transition Oil,42.768,-8.22
3322,24,Oil,Transition,Transition Oil,34.377,-6.04
3323,24,Oil,Transition,Transition Oil,28.809,-4.19
3324,24,Oil,Transition,Transition Oil,25.033,-2.68
3325,24,Oil,Transition,Transition Oil,22.533,-2.02
3326,24,Oil,Transition,Transition Oil,20.419,-1.68
3327,24,Oil,Transition,Transition Oil,18.758,-1.34
3328,24,Oil,Transition,Transition Oil,17.668,-0.669999999999998
3329,24,Oil,Transition,Transition Oil,16.963,-0.5
3330,24,Oil,Transition,Transition Oil,16.526,-0.5
3331,24,Oil,Transition,Transition Oil,16.11,-0.340000000000002
3332,24,Oil,Transition,Transition Oil,15.77,-0.34
3333,24,Oil,Transition,Transition Oil,15.536,-0.16
3334,24,Oil,Transition,Transition Oil,15.355,-0.17
3335,24,Oil,Transition,Transition Oil,15.202,-0.17
3336,24,Oil,Transition,Transition Oil,15.1,0
3337,24,Oil,Transition,Transition Oil,15.032,-0.17
3338,25,Water,Transition,Transition Water,29.479,5.88
3339,25,Water,Transition,Transition Water,33.893,2.69
3340,25,Water,Transition,Transition Water,36.257,1.51
3341,25,Water,Transition,Transition Water,37.936,1.34
3342,25,Water,Transition,Transition Water,39.362,1.51
3343,25,Water,Transition,Transition Water,40.738,1.34
3344,25,Water,Transition,Transition Water,42.063,1.18
3345,25,Water,Transition,Transition Water,43.288,1.17
3346,25,Water,Transition,Transition Water,44.312,1.01
3347,25,Water,Transition,Transition Water,45.185,0.840000000000003
3348,25,Water,Transition,Transition Water,46.074,0.5
3349,25,Water,Transition,Transition Water,46.845,0.670000000000002
3350,25,Water,Transition,Transition Water,47.585,0.840000000000003
3351,25,Water,Transition,Transition Water,48.288,0.669999999999995
3352,25,Water,Transition,Transition Water,48.745,0.170000000000002
3353,25,Water,Transition,Transition Water,49.076,0.5
3359,25,Water,Transition,Transition Water,49.529,0.670000000000002
3360,25,Water,Transition,Transition Water,50.235,0.5
3361,25,Water,Transition,Transition Water,50.602,0.509999999999998
3362,25,Water,Transition,Transition Water,51.122,0.160000000000004
3363,26,Oil,Transition,Transition Oil,50.821,-1
3364,26,Oil,Transition,Transition Oil,49.245,-2.01
3365,26,Oil,Transition,Transition Oil,45.538,-4.86
3366,26,Oil,Transition,Transition Oil,37.4,-8.22
3367,26,Oil,Transition,Transition Oil,29.949,-5.71
3368,26,Oil,Transition,Transition Oil,25.068,-3.53
3369,26,Oil,Transition,Transition Oil,21.796,-2.35
3370,26,Oil,Transition,Transition Oil,19.413,-1.85
3371,26,Oil,Transition,Transition Oil,17.971,-0.84
3372,26,Oil,Transition,Transition Oil,17.232,-0.670000000000002
3373,26,Oil,Transition,Transition Oil,16.661,-0.509999999999998
3374,26,Oil,Transition,Transition Oil,16.212,-0.170000000000002
3375,26,Oil,Transition,Transition Oil,15.906,-0.34
3376,26,Oil,Transition,Transition Oil,15.619,-0.33
3377,26,Oil,Transition,Transition Oil,15.422,-0.17
3378,26,Oil,Transition,Transition Oil,15.236,-0.34
3379,26,Oil,Transition,Transition Oil,15.083,-0.17
3380,26,Oil,Transition,Transition Oil,14.93,0
3381,26,Oil,Transition,Transition Oil,14.818,-0.16
3382,26,Oil,Transition,Transition Oil,14.736,0
3383,27,Water,Transition,Transition Water,28.943,7.05
3384,27,Water,Transition,Transition Water,33.892,2.84999999999999
3385,27,Water,Transition,Transition Water,36.274,1.68
3386,27,Water,Transition,Transition Water,38.071,1.68
3387,27,Water,Transition,Transition Water,39.833,1.67
3388,27,Water,Transition,Transition Water,41.527,1.51
3389,27,Water,Transition,Transition Water,43.004,1.16999999999999
3390,27,Water,Transition,Transition Water,44.497,1.34
3391,27,Water,Transition,Transition Water,46.007,1.34
3392,27,Water,Transition,Transition Water,47.383,1.35
3393,27,Water,Transition,Transition Water,48.725,1.18
3394,27,Water,Transition,Transition Water,50.016,1
3395,27,Water,Transition,Transition Water,51.191,1.01
3396,27,Water,Transition,Transition Water,52.231,1
3397,27,Water,Transition,Transition Water,53.07,0.840000000000003
3398,27,Water,Transition,Transition Water,53.809,0.509999999999998
3399,27,Water,Transition,Transition Water,54.411,0.340000000000003
3400,27,Water,Transition,Transition Water,54.849,0.329999999999998
3401,27,Water,Transition,Transition Water,55.166,0.339999999999996
3402,27,Water,Transition,Transition Water,55.387,0
3403,28,Oil,Transition,Transition Oil,54.748,-1.17
3404,28,Oil,Transition,Transition Oil,52.417,-3.52
3405,28,Oil,Transition,Transition Oil,46.963,-5.7
3406,28,Oil,Transition,Transition Oil,40.538,-6.55
3407,28,Oil,Transition,Transition Oil,31.509,-8.06
3408,28,Oil,Transition,Transition Oil,25.437,-3.52
3409,28,Oil,Transition,Transition Oil,22.533,-2.02
3410,28,Oil,Transition,Transition Oil,20.554,-1.51
3411,28,Oil,Transition,Transition Oil,19.11,-1.01
3412,28,Oil,Transition,Transition Oil,17.938,-1.01
3413,28,Oil,Transition,Transition Oil,17.031,-0.669999999999998
3414,28,Oil,Transition,Transition Oil,16.627,-0.34
3415,28,Oil,Transition,Transition Oil,16.228,-0.330000000000002
3416,28,Oil,Transition,Transition Oil,15.906,-0.34
3417,28,Oil,Transition,Transition Oil,15.552,-0.5
3418,28,Oil,Transition,Transition Oil,15.27,0
3419,28,Oil,Transition,Transition Oil,15.185,-0.17
3420,28,Oil,Transition,Transition Oil,15.083,0
3421,28,Oil,Transition,Transition Oil,15.049,-0.17
3422,28,Oil,Transition,Transition Oil,14.947,-0.17
3423,29,Water,Transition,Transition Water,29.664,6.71
3424,29,Water,Transition,Transition Water,34.631,2.86
3425,29,Water,Transition,Transition Water,37.097,1.68
3426,29,Water,Transition,Transition Water,38.876,1.51
3427,29,Water,Transition,Transition Water,40.604,1.66999999999999
3428,29,Water,Transition,Transition Water,42.081,1.35
3429,29,Water,Transition,Transition Water,43.523,1.18
3430,29,Water,Transition,Transition Water,45,1.34
3431,29,Water,Transition,Transition Water,46.476,1.16999999999999
3432,29,Water,Transition,Transition Water,47.635,0.670000000000002
3433,29,Water,Transition,Transition Water,9.7,8
3434,29,Water,Transition,Transition Water,19.1,10
3435,29,Water,Transition,Transition Water,29.5,9
3436,30,Oil,Stable,Stable Oil,1.256,0
3437,30,Oil,Stable,Stable Oil,1.27,0
3442,30,Oil,Stable,Stable Oil,1.256,0
3448,30,Oil,Stable,Stable Oil,1.256,-0.14
3449,30,Oil,Stable,Stable Oil,1.242,0.14
3450,30,Oil,Stable,Stable Oil,1.242,0
3451,30,Oil,Stable,Stable Oil,1.2,0
3452,30,Oil,Stable,Stable Oil,1.242,0
3453,30,Oil,Stable,Stable Oil,1.256,0
3454,30,Oil,Stable,Stable Oil,1.214,0.14
3455,30,Oil,Stable,Stable Oil,1.242,0
3456,30,Oil,Stable,Stable Oil,1.242,0
3458,30,Oil,Stable,Stable Oil,1.242,0
3460,30,Oil,Stable,Stable Oil,1.242,0
3461,30,Oil,Stable,Stable Oil,1.228,0
3462,30,Oil,Stable,Stable Oil,1.242,0
3463,30,Oil,Stable,Stable Oil,1.228,0
3465,30,Oil,Stable,Stable Oil,1.242,0.14
3467,30,Oil,Stable,Stable Oil,1.242,0
3468,30,Oil,Stable,Stable Oil,1.242,0
3472,30,Oil,Stable,Stable Oil,1.228,0.14
3474,30,Oil,Stable,Stable Oil,1.242,0
3478,30,Oil,Stable,Stable Oil,1.228,-0.14
3485,30,Oil,Stable,Stable Oil,1.284,0
3486,30,Oil,Stable,Stable Oil,1.284,-0.14
3491,30,Oil,Stable,Stable Oil,1.284,0
3495,30,Oil,Stable,Stable Oil,1.256,0
3496,30,Oil,Stable,Stable Oil,1.256,0
3498,30,Oil,Stable,Stable Oil,1.228,0
3510,30,Oil,Stable,Stable Oil,1.242,-0.14
3513,30,Oil,Stable,Stable Oil,1.256,0.14
3519,30,Oil,Stable,Stable Oil,1.228,-0.14
3534,30,Oil,Stable,Stable Oil,1.242,0
3541,30,Oil,Stable,Stable Oil,1.256,0
3548,30,Oil,Stable,Stable Oil,1.242,0
3568,30,Oil,Stable,Stable Oil,1.284,0.14
3583,30,Oil,Stable,Stable Oil,1.284,0
3585,30,Oil,Stable,Stable Oil,1.37,0
3725,30,Oil,Stable,Stable Oil,1.386,0.16
3734,30,Oil,Stable,Stable Oil,1.45,0
3883,30,Oil,Stable,Stable Oil,1.39,0
3896,30,Oil,Stable,Stable Oil,1.375,-0.15
4032,30,Oil,Stable,Stable Oil,6.911,-2.81
4033,30,Oil,Stable,Stable Oil,4.65,-1.58
4034,30,Oil,Stable,Stable Oil,3.456,-0.7
4035,30,Oil,Stable,Stable Oil,2.895,-0.53
4036,30,Oil,Stable,Stable Oil,2.44,-0.35
4037,30,Oil,Stable,Stable Oil,2.161,-0.17
4038,30,Oil,Stable,Stable Oil,2.11,0
4039,30,Oil,Stable,Stable Oil,2.02,-0.18
4040,30,Oil,Stable,Stable Oil,1.966,0
4041,30,Oil,Stable,Stable Oil,1.948,0.18
4042,30,Oil,Stable,Stable Oil,1.93,0
4047,30,Oil,Stable,Stable Oil,1.876,0
4049,30,Oil,Stable,Stable Oil,1.912,0
4050,31,Water,Transition,Transition Water,2.386,1.05
4051,31,Water,Transition,Transition Water,3.93,1.76
4052,31,Water,Transition,Transition Water,5.825,2.11
4053,31,Water,Transition,Transition Water,8.421,2.11
4054,31,Water,Transition,Transition Water,10.736,2.1
4055,31,Water,Transition,Transition Water,13.089,1.93
4056,31,Water,Transition,Transition Water,15.492,2.1
4057,31,Water,Transition,Transition Water,17.456,1.58
4058,31,Water,Transition,Transition Water,19.122,1.4
4059,31,Water,Transition,Transition Water,20.562,1.05
4060,31,Water,Transition,Transition Water,21.754,1.05
4061,31,Water,Transition,Transition Water,22.982,1.05
4062,31,Water,Transition,Transition Water,24.036,1.05
4063,31,Water,Transition,Transition Water,25.245,1.05
4064,31,Water,Transition,Transition Water,26.368,1.05
4065,31,Water,Transition,Transition Water,27.472,1.23
4066,31,Water,Transition,Transition Water,28.563,1.23
4067,31,Water,Transition,Transition Water,29.753,0.710000000000001
4068,31,Water,Transition,Transition Water,30.79,0.879999999999999
4069,31,Water,Transition,Transition Water,31.613,0.699999999999999
4070,32,Oil,Transition,Transition Oil,29.545,-8.43
4071,32,Oil,Transition,Transition Oil,15.21,-12.28
4072,32,Oil,Transition,Transition Oil,7.667,-2.28
4073,32,Oil,Transition,Transition Oil,6.228,-0.88
4074,32,Oil,Transition,Transition Oil,5.315,-0.88
4075,32,Oil,Transition,Transition Oil,4.441,-0.7
4076,32,Oil,Transition,Transition Oil,3.369,-0.7
4077,32,Oil,Transition,Transition Oil,2.998,0
4078,32,Oil,Transition,Transition Oil,2.844,-0.17
4079,32,Oil,Transition,Transition Oil,2.667,0
4080,32,Oil,Transition,Transition Oil,2.562,-0.17
4081,32,Oil,Transition,Transition Oil,2.442,-0.18
4082,32,Oil,Transition,Transition Oil,2.406,0
4083,32,Oil,Transition,Transition Oil,2.28,0
4086,32,Oil,Transition,Transition Oil,2.298,-0.18
4088,32,Oil,Transition,Transition Oil,2.263,-0.17
4089,32,Oil,Transition,Transition Oil,2.263,0
4090,33,Water,Transition,Transition Water,2.895,1.05
4091,33,Water,Transition,Transition Water,4.404,1.58
4092,33,Water,Transition,Transition Water,6.438,1.93
4093,33,Water,Transition,Transition Water,8.719,1.93
4094,33,Water,Transition,Transition Water,10.825,1.75
4095,33,Water,Transition,Transition Water,12.842,1.75
4096,33,Water,Transition,Transition Water,14.65,1.58
4097,33,Water,Transition,Transition Water,16.332,1.41
4098,33,Water,Transition,Transition Water,17.964,1.58
4099,33,Water,Transition,Transition Water,19.543,1.58
4100,33,Water,Transition,Transition Water,21.333,1.23
4101,33,Water,Transition,Transition Water,22.772,1.22
4102,33,Water,Transition,Transition Water,24.212,1.4
4103,33,Water,Transition,Transition Water,25.385,1.05
4104,33,Water,Transition,Transition Water,26.405,0.530000000000001
4105,33,Water,Transition,Transition Water,27.103,0.350000000000001
4106,33,Water,Transition,Transition Water,27.647,0.52
4107,33,Water,Transition,Transition Water,28.122,0.530000000000001
4108,33,Water,Transition,Transition Water,28.634,0.169999999999998
4109,33,Water,Transition,Transition Water,29.211,0.350000000000001
4110,34,Oil,Transition,Transition Oil,23.666,-11.58
4111,34,Oil,Transition,Transition Oil,10.631,-9.65
4112,34,Oil,Transition,Transition Oil,4.421,-2.63
4113,34,Oil,Transition,Transition Oil,2.738,-0.7
4114,34,Oil,Transition,Transition Oil,2.316,-0.18
4115,34,Oil,Transition,Transition Oil,2.424,0.18
4116,34,Oil,Transition,Transition Oil,2.46,0
4118,34,Oil,Transition,Transition Oil,2.494,0
4119,34,Oil,Transition,Transition Oil,2.613,0
4120,34,Oil,Transition,Transition Oil,2.63,0
4121,34,Oil,Transition,Transition Oil,2.774,0.18
4122,34,Oil,Transition,Transition Oil,2.738,0
4123,34,Oil,Transition,Transition Oil,2.774,0.18
4124,34,Oil,Transition,Transition Oil,2.81,0
4126,34,Oil,Transition,Transition Oil,2.774,-0.18
4128,34,Oil,Transition,Transition Oil,2.792,0
4130,35,Water,Transition,Transition Water,2.966,0.35
4131,35,Water,Transition,Transition Water,3.808,1.06
4132,35,Water,Transition,Transition Water,5.35,1.58
4133,35,Water,Transition,Transition Water,7.246,1.93
4134,35,Water,Transition,Transition Water,9.386,1.93
4135,35,Water,Transition,Transition Water,11.562,1.93
4136,35,Water,Transition,Transition Water,13.439,1.58
4137,35,Water,Transition,Transition Water,15.175,1.57
4138,35,Water,Transition,Transition Water,16.842,1.4
4139,35,Water,Transition,Transition Water,18.526,1.41
4140,35,Water,Transition,Transition Water,20.438,1.93
4141,35,Water,Transition,Transition Water,22.37,1.58
4142,35,Water,Transition,Transition Water,24.018,1.41
4143,35,Water,Transition,Transition Water,25.49,1.05
4144,35,Water,Transition,Transition Water,26.737,1.05
4145,35,Water,Transition,Transition Water,27.825,1.05
4146,35,Water,Transition,Transition Water,28.894,1.05
4147,35,Water,Transition,Transition Water,29.911,0.700000000000003
4148,35,Water,Transition,Transition Water,30.894,0.879999999999999
4149,35,Water,Transition,Transition Water,31.737,0.879999999999999
4150,36,Oil,Transition,Transition Oil,31.825,-3.68
4151,36,Oil,Transition,Transition Oil,19.807,-13.86
4152,36,Oil,Transition,Transition Oil,7.579,-6.31
4153,36,Oil,Transition,Transition Oil,3.842,-1.58
4154,36,Oil,Transition,Transition Oil,2.754,-0.7
4155,36,Oil,Transition,Transition Oil,2.353,-0.35
4156,36,Oil,Transition,Transition Oil,2.127,-0.17
4157,36,Oil,Transition,Transition Oil,2.038,-0.18
4158,36,Oil,Transition,Transition Oil,1.966,0.18
4166,36,Oil,Transition,Transition Oil,1.948,0
4167,36,Oil,Transition,Transition Oil,1.966,0
4169,36,Oil,Transition,Transition Oil,1.966,0.18
4170,36,Oil,Transition,Transition Oil,2.02,0
4171,37,Water,Transition,Transition Water,2.563,1.05
4172,37,Water,Transition,Transition Water,4.141,1.76
4173,37,Water,Transition,Transition Water,6.227,1.93
4174,37,Water,Transition,Transition Water,8.56,1.93
4175,37,Water,Transition,Transition Water,10.841,2.11
4176,37,Water,Transition,Transition Water,12.895,1.57
4178,37,Water,Transition,Transition Water,16.386,1.41
4179,37,Water,Transition,Transition Water,17.877,1.41
4180,37,Water,Transition,Transition Water,15.148,2.18
4181,37,Water,Transition,Transition Water,25.957,10.74
4182,37,Water,Transition,Transition Water,33.136,4.03
4183,37,Water,Transition,Transition Water,36.242,2.01
4184,37,Water,Transition,Transition Water,38.205,1.67
4185,37,Water,Transition,Transition Water,39.865,1.51
4186,37,Water,Transition,Transition Water,41.561,1.17
4187,37,Water,Transition,Transition Water,42.953,1.34
4188,37,Water,Transition,Transition Water,44.396,1.34
4189,37,Water,Transition,Transition Water,45.906,1.34
4190,38,Oil,Transition,Transition Oil,54.614,-1.51
4191,38,Oil,Transition,Transition Oil,52.014,-3.69
4192,38,Oil,Transition,Transition Oil,46.326,-5.7
4193,38,Oil,Transition,Transition Oil,39.783,-7.04000000000001
4194,38,Oil,Transition,Transition Oil,30.653,-7.55
4195,38,Oil,Transition,Transition Oil,25.068,-3.19
4196,38,Oil,Transition,Transition Oil,22.298,-2.01
4197,38,Oil,Transition,Transition Oil,20.386,-1.51
4198,38,Oil,Transition,Transition Oil,18.993,-1.17
4199,38,Oil,Transition,Transition Oil,17.837,-0.84
4200,38,Oil,Transition,Transition Oil,16.964,-0.5
4201,38,Oil,Transition,Transition Oil,16.593,-0.34
4202,38,Oil,Transition,Transition Oil,16.195,-0.170000000000002
4203,38,Oil,Transition,Transition Oil,15.872,-0.34
4204,38,Oil,Transition,Transition Oil,15.502,-0.33
4206,38,Oil,Transition,Transition Oil,15.168,0
4207,38,Oil,Transition,Transition Oil,15.083,0
4208,38,Oil,Transition,Transition Oil,15.049,0
4209,39,Water,Transition,Transition Water,20.672,12.41
4210,39,Water,Transition,Transition Water,30.973,5.03
4211,39,Water,Transition,Transition Water,34.731,2.18
4212,39,Water,Transition,Transition Water,36.844,1.51
4213,39,Water,Transition,Transition Water,38.592,1.68
4214,39,Water,Transition,Transition Water,40.353,1.51
4215,39,Water,Transition,Transition Water,42.014,1.34
4216,39,Water,Transition,Transition Water,43.423,1.34
4217,39,Water,Transition,Transition Water,44.95,1.34
4218,39,Water,Transition,Transition Water,46.409,1.16999999999999
4219,39,Water,Transition,Transition Water,47.836,1.34
4220,39,Water,Transition,Transition Water,49.111,1.16999999999999
4221,39,Water,Transition,Transition Water,50.369,1.01000000000001
4222,39,Water,Transition,Transition Water,51.51,1
4223,39,Water,Transition,Transition Water,52.515,0.840000000000003
4224,39,Water,Transition,Transition Water,53.322,0.669999999999995
4225,39,Water,Transition,Transition Water,53.993,0.670000000000002
4226,39,Water,Transition,Transition Water,54.547,0.340000000000003
4227,39,Water,Transition,Transition Water,54.948,0.329999999999998
4228,39,Water,Transition,Transition Water,55.285,0.339999999999996
4229,39,Water,Transition,Transition Water,55.336,-0.169999999999995
4230,40,Oil,Transition,Transition Oil,49.815,-1.34
4231,40,Oil,Transition,Transition Oil,46.998,-3.86
4232,40,Oil,Transition,Transition Oil,40.168,-8.39
4233,40,Oil,Transition,Transition Oil,31.913,-6.21
4234,40,Oil,Transition,Transition Oil,26.293,-3.86
4235,40,Oil,Transition,Transition Oil,22.651,-2.85
4236,40,Oil,Transition,Transition Oil,20.035,-2.01
4237,40,Oil,Transition,Transition Oil,18.322,-1.17
4238,40,Oil,Transition,Transition Oil,17.433,-0.510000000000002
4239,40,Oil,Transition,Transition Oil,16.797,-0.34
4240,40,Oil,Transition,Transition Oil,16.328,-0.5
4241,40,Oil,Transition,Transition Oil,16.008,-0.17
4242,40,Oil,Transition,Transition Oil,15.702,-0.17
4243,40,Oil,Transition,Transition Oil,15.472,-0.16
4244,40,Oil,Transition,Transition Oil,15.287,-0.34
4245,40,Oil,Transition,Transition Oil,15.134,0
4246,40,Oil,Transition,Transition Oil,14.947,0
4247,40,Oil,Transition,Transition Oil,14.866,-0.16
4248,40,Oil,Transition,Transition Oil,14.736,-0.17
4249,41,Water,Transition,Transition Water,17.029,8.56
4250,41,Water,Transition,Transition Water,28.053,7.05
4251,41,Water,Transition,Transition Water,33.255,3.02
4252,41,Water,Transition,Transition Water,35.872,1.84
4253,41,Water,Transition,Transition Water,37.617,1.51000000000001
4254,41,Water,Transition,Transition Water,39.06,1.35
4255,41,Water,Transition,Transition Water,40.486,1.18
4256,41,Water,Transition,Transition Water,41.811,1.17
4257,41,Water,Transition,Transition Water,43.054,1.16999999999999
4258,41,Water,Transition,Transition Water,44.11,1.01000000000001
4259,41,Water,Transition,Transition Water,45.017,0.839999999999996
4260,41,Water,Transition,Transition Water,45.923,0.840000000000003
4261,41,Water,Transition,Transition Water,46.677,0.669999999999995
4262,41,Water,Transition,Transition Water,47.434,0.670000000000002
4263,41,Water,Transition,Transition Water,48.154,0.670000000000002
4264,41,Water,Transition,Transition Water,48.694,0.339999999999996
4265,41,Water,Transition,Transition Water,48.993,0.329999999999998
4266,41,Water,Transition,Transition Water,49.412,0.5
4267,41,Water,Transition,Transition Water,50.101,0.670000000000002
4268,41,Water,Transition,Transition Water,50.653,0.509999999999998
4269,41,Water,Transition,Transition Water,51.172,0.330000000000005
4270,42,Oil,Transition,Transition Oil,51.847,-3.36
4271,42,Oil,Transition,Transition Oil,45.452,-7.72
4272,42,Oil,Transition,Transition Oil,36.542,-6.88
4273,42,Oil,Transition,Transition Oil,30.268,-4.7
4274,42,Oil,Transition,Transition Oil,26.006,-3.18
4275,42,Oil,Transition,Transition Oil,23.205,-2.18
4276,42,Oil,Transition,Transition Oil,21.056,-1.85
4277,42,Oil,Transition,Transition Oil,19.177,-1.18
4278,42,Oil,Transition,Transition Oil,17.937,-1.01
4279,42,Oil,Transition,Transition Oil,17.147,-0.669999999999998
4280,42,Oil,Transition,Transition Oil,16.644,-0.34
4281,42,Oil,Transition,Transition Oil,16.244,-0.330000000000002
4282,42,Oil,Transition,Transition Oil,15.855,-0.17
4283,42,Oil,Transition,Transition Oil,15.585,-0.17
4284,42,Oil,Transition,Transition Oil,15.422,-0.33
4285,42,Oil,Transition,Transition Oil,15.253,0
4287,42,Oil,Transition,Transition Oil,15.083,-0.17
4288,43,Water,Transition,Transition Water,24.279,10.9
4289,43,Water,Transition,Transition Water,31.493,3.69
4290,43,Water,Transition,Transition Water,34.562,2.18
4291,43,Water,Transition,Transition Water,36.627,1.68
4292,43,Water,Transition,Transition Water,38.507,1.51
4293,43,Water,Transition,Transition Water,40.201,1.51
4294,43,Water,Transition,Transition Water,41.846,1.34
4295,43,Water,Transition,Transition Water,43.373,1.51000000000001
4296,43,Water,Transition,Transition Water,44.865,1.17
4297,43,Water,Transition,Transition Water,46.293,1.17
4298,43,Water,Transition,Transition Water,47.584,1.17
4299,43,Water,Transition,Transition Water,48.809,1.01
4300,43,Water,Transition,Transition Water,49.883,0.840000000000003
4301,43,Water,Transition,Transition Water,50.822,0.670000000000002
4302,43,Water,Transition,Transition Water,51.661,0.839999999999996
4303,43,Water,Transition,Transition Water,52.415,0.840000000000003
4304,43,Water,Transition,Transition Water,53.037,0.509999999999998
4305,43,Water,Transition,Transition Water,53.588,0.169999999999995
4306,43,Water,Transition,Transition Water,54.076,0.329999999999998
4307,43,Water,Transition,Transition Water,54.513,0.340000000000003
4308,43,Water,Transition,Transition Water,54.717,0
4309,44,Oil,Transition,Transition Oil,43.037,-8.73
4310,44,Oil,Transition,Transition Oil,33.843,-6.72
4311,44,Oil,Transition,Transition Oil,28.188,-4.03
4312,44,Oil,Transition,Transition Oil,24.261,-2.85
4313,44,Oil,Transition,Transition Oil,21.913,-1.68
4314,44,Oil,Transition,Transition Oil,20.319,-1.17
4315,44,Oil,Transition,Transition Oil,19.229,-1.01
4316,44,Oil,Transition,Transition Oil,18.288,-0.830000000000002
4317,44,Oil,Transition,Transition Oil,17.501,-0.509999999999998
4318,44,Oil,Transition,Transition Oil,17.095,-0.330000000000002
4319,44,Oil,Transition,Transition Oil,16.712,-0.509999999999998
4320,44,Oil,Transition,Transition Oil,16.109,-0.670000000000002
4321,44,Oil,Transition,Transition Oil,15.601,-0.33
4322,44,Oil,Transition,Transition Oil,15.389,-0.17
4323,44,Oil,Transition,Transition Oil,15.083,-0.34
4324,44,Oil,Transition,Transition Oil,14.914,0
4325,44,Oil,Transition,Transition Oil,14.834,0
4327,45,Water,Stable,Stable Water,72.605,0.25
4328,45,Water,Stable,Stable Water,72.605,0
4329,45,Water,Stable,Stable Water,72.58,0
4330,45,Water,Stable,Stable Water,72.63,0
4348,45,Water,Stable,Stable Water,72.58,0
4352,45,Water,Stable,Stable Water,72.605,0
4360,45,Water,Stable,Stable Water,72.656,0
4365,45,Water,Stable,Stable Water,72.605,0
4372,45,Water,Stable,Stable Water,72.605,-0.25
4378,45,Water,Stable,Stable Water,72.656,0
4382,45,Water,Stable,Stable Water,72.656,0
4393,45,Water,Stable,Stable Water,72.656,0
4395,45,Water,Stable,Stable Water,72.656,0.260000000000005
4396,45,Water,Stable,Stable Water,72.656,-0.260000000000005
4401,45,Water,Stable,Stable Water,72.656,0
4405,45,Water,Stable,Stable Water,72.656,0
4407,45,Water,Stable,Stable Water,72.682,0
4410,45,Water,Stable,Stable Water,72.656,0
4412,45,Water,Stable,Stable Water,72.682,0.260000000000005
4414,45,Water,Stable,Stable Water,72.682,0
4420,45,Water,Stable,Stable Water,72.682,0
4432,45,Water,Stable,Stable Water,72.682,0
4435,45,Water,Stable,Stable Water,72.682,-0.260000000000005
4437,45,Water,Stable,Stable Water,72.682,0
4440,45,Water,Stable,Stable Water,72.682,0
4444,45,Water,Stable,Stable Water,72.708,0
4450,45,Water,Stable,Stable Water,72.682,0
4458,45,Water,Stable,Stable Water,72.708,0
4461,45,Water,Stable,Stable Water,72.708,0
4467,45,Water,Stable,Stable Water,72.708,0.260000000000005
4469,45,Water,Stable,Stable Water,72.734,0
4470,45,Water,Stable,Stable Water,72.708,0
4475,45,Water,Stable,Stable Water,72.734,0.260000000000005
