run_id,state,start_sample,end_sample,n_samples,recording_type
1,Water,1,5,5,Transition
2,Oil,6,47,42,Transition
3,Water,48,90,43,Transition
4,Oil,91,138,48,Transition
5,Water,139,181,43,Transition
6,Oil,182,230,49,Transition
7,Water,231,276,46,Transition
8,Oil,277,289,13,Transition
9,Water,290,318,29,Transition
10,Oil,319,362,44,Transition
11,Water,363,410,48,Transition
12,Oil,411,456,46,Transition
13,Water,457,502,46,Transition
14,Oil,503,523,21,Transition
15,Water,524,569,46,Transition
16,Oil,570,617,48,Transition
17,Water,618,664,47,Transition
18,Oil,665,710,46,Transition
19,Water,711,756,46,Transition
20,Oil,757,1478,722,Stable
21,Water,1479,3278,1800,Stable
22,Oil,3279,3296,18,Transition
23,Water,3297,3317,21,Transition
24,Oil,3318,3337,20,Transition
25,Water,3338,3362,25,Transition
26,Oil,3363,3382,20,Transition
27,Water,3383,3402,20,Transition
28,Oil,3403,3422,20,Transition
29,Water,3423,3435,13,Transition
30,Oil,3436,4049,614,Stable
31,Water,4050,4069,20,Transition
32,Oil,4070,4089,20,Transition
33,Water,4090,4109,20,Transition
34,Oil,4110,4129,20,Transition
35,Water,4130,4149,20,Transition
36,Oil,4150,4170,21,Transition
37,Water,4171,4189,19,Transition
38,Oil,4190,4208,19,Transition
39,Water,4209,4229,21,Transition
40,Oil,4230,4248,19,Transition
41,Water,4249,4269,21,Transition
42,Oil,4270,4287,18,Transition
43,Water,4288,4308,21,Transition
44,Oil,4309,4326,18,Transition
45,Water,4327,4475,149,Stable
