window,response_mean_OW,response_std_OW,memory_OW,response_mean_WO,response_std_WO,memory_WO
1,12.1688421052632,10.2582612088618,100,26.287,20.7646544942762,100
2,15.6112105263158,12.2914209221941,94.9791452769016,21.330625,21.1374090776676,79.9834527072738
3,17.688,12.6171848022185,91.9500510712791,18.1013125,19.5798393242258,66.9417263691251
4,19.6519473684211,12.5902029039942,89.0855423335309,15.3651875,16.3936727478165,55.8917603231115
5,21.3550526315789,12.5227840509195,86.6014839590222,12.7744375,12.6817702863533,45.4288978684687
6,22.9470526315789,12.4878423519913,84.2794777872574,11.6344375,10.0314571554934,40.8249556902219
7,24.4406842105263,12.4657800979438,82.1009465406125,10.65475,8.65726667026031,36.8684428807911
8,25.8108421052632,12.4764763333205,80.1025074150652,10.037625,7.71161445159183,34.376155322238
9,27.0766315789474,12.5536559491671,78.2562944941797,9.5634375,7.0834310327576,32.4611273997403
10,28.0303684210526,12.8044646693189,76.8652248750792,9.1501875,6.66953187981236,30.7921983601258
11,29.6471052631579,12.5201934396431,74.5071388666068,8.8725,6.36161430246548,29.6707446815101
12,31.0324210526316,12.5413359305927,72.4865912453749,8.6984375,6.19697093714609,28.9677853083513
13,32.0802105263158,12.6609239024776,70.9583414811758,8.518125,6.06830054051379,28.2395850241275
14,32.9811052631579,12.7731800221085,69.6443445345314,8.3606875,5.93806646104886,27.6037664744014
15,33.8151578947368,12.8211756189307,68.4278399126074,8.2165625,5.85530065232919,27.0217110652437
16,34.5323157894737,12.8793367628264,67.381831710529,8.1693125,5.75538892654817,26.8308897775927
17,35.0696842105263,12.722808106584,66.5980548322653,8.108875,5.71947131443691,26.5868101675946
18,35.7472631578947,12.7238087844189,65.6097743689189,8.04525,5.68601067533293,26.3298576929534
19,36.449,12.6731599321821,64.5862584905752,7.9999375,5.65672036276321,26.1468610877326
