transition_id,source_run,destination_run,source_state,destination_state,direction,source_recording_type,destination_recording_type
1,1,2,Water,Oil,Water -> Oil,Transition,Transition
2,2,3,Oil,Water,Oil -> Water,Transition,Transition
3,3,4,Water,Oil,Water -> Oil,Transition,Transition
4,4,5,Oil,Water,Oil -> Water,Transition,Transition
5,5,6,Water,Oil,Water -> Oil,Transition,Transition
6,6,7,Oil,Water,Oil -> Water,Transition,Transition
7,7,8,Water,Oil,Water -> Oil,Transition,Transition
8,8,9,Oil,Water,Oil -> Water,Transition,Transition
9,9,10,Water,Oil,Water -> Oil,Transition,Transition
10,10,11,Oil,Water,Oil -> Water,Transition,Transition
11,11,12,Water,Oil,Water -> Oil,Transition,Transition
12,12,13,Oil,Water,Oil -> Water,Transition,Transition
13,13,14,Water,Oil,Water -> Oil,Transition,Transition
14,14,15,Oil,Water,Oil -> Water,Transition,Transition
15,15,16,Water,Oil,Water -> Oil,Transition,Transition
16,16,17,Oil,Water,Oil -> Water,Transition,Transition
17,17,18,Water,Oil,Water -> Oil,Transition,Transition
18,18,19,Oil,Water,Oil -> Water,Transition,Transition
19,19,20,Water,Oil,Water -> Oil,Transition,Stable
20,20,21,Oil,Water,Oil -> Water,Stable,Stable
21,21,22,Water,Oil,Water -> Oil,Stable,Transition
22,22,23,Oil,Water,Oil -> Water,Transition,Transition
23,23,24,Water,Oil,Water -> Oil,Transition,Transition
24,24,25,Oil,Water,Oil -> Water,Transition,Transition
25,25,26,Water,Oil,Water -> Oil,Transition,Transition
26,26,27,Oil,Water,Oil -> Water,Transition,Transition
27,27,28,Water,Oil,Water -> Oil,Transition,Transition
28,28,29,Oil,Water,Oil -> Water,Transition,Transition
29,29,30,Water,Oil,Water -> Oil,Transition,Stable
30,30,31,Oil,Water,Oil -> Water,Stable,Transition
31,31,32,Water,Oil,Water -> Oil,Transition,Transition
32,32,33,Oil,Water,Oil -> Water,Transition,Transition
33,33,34,Water,Oil,Water -> Oil,Transition,Transition
34,34,35,Oil,Water,Oil -> Water,Transition,Transition
35,35,36,Water,Oil,Water -> Oil,Transition,Transition
36,36,37,Oil,Water,Oil -> Water,Transition,Transition
37,37,38,Water,Oil,Water -> Oil,Transition,Transition
38,38,39,Oil,Water,Oil -> Water,Transition,Transition
39,39,40,Water,Oil,Water -> Oil,Transition,Transition
40,40,41,Oil,Water,Oil -> Water,Transition,Transition
41,41,42,Water,Oil,Water -> Oil,Transition,Transition
42,42,43,Oil,Water,Oil -> Water,Transition,Transition
43,43,44,Water,Oil,Water -> Oil,Transition,Transition
44,44,45,Oil,Water,Oil -> Water,Transition,Stable
